conservationStatus,speciesCount
Vulnerable,1822
Endangered,2331
Critically Endangered,998
Migratory,90
Rare,853
Extinct,165
Priority 4: Rare, Near Threatened,393
Priority 3: Poorly-known species,1027
Near Threatened,272
Priority 2: Poorly-known species,955
Priority 1: Poorly-known species,1145
Other Specially Protected,4
Conservation Dependent,10
Threatened,5
Data deficient,1
P4 & MI,1
Extinct in the wild,19
MI,1
VU,36
r,28
CR,25
e,21
DD,15
v,14
EN,8
P3,6
P2,7
Critically endangered,1
EX,2
P1,6
NT,4
Near threatened,2
P4,1
Not supplied,138795
