conservationStatus,speciesCount
Vulnerable,2237
Endangered,2424
Critically Endangered,1053
Rare,1149
Extinct,156
Migratory,88
Near Threatened,863
MI,83
VU,256
Near threatened,63
NT,463
DD,814
EN,186
CR,178
Priority 4: Rare, Near Threatened,388
e,97
Priority 1: Poorly-known species,760
P4,290
Priority 3: Poorly-known species,931
v,80
Priority 2: Poorly-known species,787
MI & P4,6
Critically endangered,42
CD & MI,1
OS,4
Data Deficient,363
Other Specially Protected,4
P1,400
P3,605
Data deficient,36
P2,422
Poorly known,119
r,154
Threatened,4
Conservation Dependent,8
Extinct in the Wild,14
Extinct in the wild,15
EX,17
Regionally extinct,17
Presumed extinct,22
VU-EXNT,4
MI & P1,1
All infraspecific taxa included in Advisory List,30
MI & P3,1
EN-EWNT,1
x,4
CD,3
EN-EXNT,2
