dataProviderUid,records,species
BirdLife Australia,21310459,764
Department of Planning, Industry and Environment representing the State of New South Wales,13424482,11826
Ocean Biodiversity Information System,9446169,9535
Australia's Virtual Herbarium,6170888,44709
Online Zoological Collections of Australian Museums,4567490,72035
South Australia, Department for Environment and Water,3794007,6630
NSW Bird Atlasers,3381819,496
Northern Territory Department of Environment and Natural Resources,2064882,5442
Reef Life Survey,1230026,1594
Australian Antarctic Data Centre,1161501,2087
Questagame,438725,13708
NatureMap,324652,5898
NatureMapr,224013,7021
Australian National Insect Collection, CSIRO,218871,5840
Fungimap,180616,1535
BioCollect,165879,2249
Citizen Science - ALA Website,127634,15259
European Molecular Biology Laboratory Australia,118898,784
Australian Seedbank Partnership,110443,11222
FeralScan,110298,18
FieldData / Biological Data Recording System,97702,673
Terrestrial Ecosystem Research Network,93667,5721
ClimateWatch,93613,176
DigiVol,92571,312
Flickr,61027,6159
University of Adelaide,56490,1814
CSIRO National Fish Collection,50562,4613
Barcode of Life,35694,815
Wolli Creek Preservation Society,33415,178
Animal Movement data via ZoaTrack,31084,9
ReefWatch - Great Victorian Fish Count,14497,117
Coral Reef Research,13867,377
Gang-gang cockatoo survey,13441,1
Index of Biodiversity Surveys for Assessments,5287,88
Australian Ecological Knowledge and Observation System Data Portal,3200,1
Superb Parrot Monitoring project,2881,1
Healthy Waterways Waterwatch Program,2431,6
Chevron Australia,2048,51
Koala Action Group,1833,1
Great Koala Count 2,1508,1
Kangawalla Pastoral Co Pty Ltd,1429,109
Tweed Koala Sightings,1245,1
Greendale Creek and Curl Curl Lagoon Bird Survey 2017 to 2019,908,56
Tracking Australia - arid wildlife track-based monitoring ,509,11
Littlewood,467,76
Shire of Kalamunda Biodiversity Inventory,233,94
Plants Of The Green Line - Woolsthorpe Section,102,100
Working Wonders on Weeds  -  Community of Denmark W.A.,38,3
Ecosystems of the sandstone region incl. sand-belt (SE of Melb.),31,30
Biodiversity monitoring in Brunswick Valley Heritage Park Mullumbimby,20,10
Mystaya,10,8
Searching for the yellow-bellied sea snake,4,3
