dataProviderUid,records,species
BirdLife Australia,15128293,735
Department of Planning, Industry and Environment representing the State of New South Wales,14246271,11984
Ocean Biodiversity Information System,10266343,9593
Australia's Virtual Herbarium,6284760,45237
OZCAM (Online Zoological Collections of Australian Museums) Provider,5722285,81348
South Australia, Department for Environment and Water,4119080,6995
NSW Bird Atlasers,3381819,496
Global Biodiversity Information Facility,3001816,68130
Northern Territory Department of Environment and Natural Resources,2238933,5479
Australian Antarctic Data Centre,1161501,2087
Questagame,470632,14456
Reef Life Survey,366171,1537
NatureMapr,328312,10010
NatureMap,324652,5898
BioCollect,246626,3415
Australian National Insect Collection, CSIRO,218871,5840
Fungimap,148560,1538
FeralScan,135964,18
Australian Seedbank Partnership,121971,11454
European Molecular Biology Laboratory Australia,118898,784
FieldData / Biological Data Recording System,97702,673
ClimateWatch,93603,175
DigiVol,92571,312
Flickr,61027,6159
University of Adelaide,56490,1814
CSIRO National Fish Collection,55336,4640
Barcode of Life,35694,815
Wolli Creek Preservation Society,33415,178
ReefWatch - Great Victorian Fish Count,16493,119
Coral Reef Research,13867,377
Gang-gang cockatoo survey,13441,1
Index of Biodiversity Surveys for Assessments,5287,88
TERN - Australian Ecological Knowledge and Observation System,3200,1
Superb Parrot Monitoring project,2931,1
Healthy Waterways Waterwatch Program,2431,6
Chevron Australia,2048,51
Koala Action Group,1924,1
Tweed Koala Sightings,1582,1
Great Koala Count 2,1508,1
Kangawalla Pastoral Co Pty Ltd,1429,109
Greendale Creek and Curl Curl Lagoon Bird Survey 2017 to 2019,908,56
Tracking Australia - arid wildlife track-based monitoring ,509,11
Littlewood,467,76
Shire of Kalamunda Biodiversity Inventory,233,94
Plants Of The Green Line - Woolsthorpe Section,102,100
Working Wonders on Weeds  -  Community of Denmark W.A.,38,3
Ecosystems of the sandstone region incl. sand-belt (SE of Melb.),31,30
Biodiversity monitoring in Brunswick Valley Heritage Park Mullumbimby,20,10
Mystaya,10,8
Animal Movement data via ZoaTrack,5,1
Searching for the yellow-bellied sea snake,4,3
