institutionUid,records,species
Australian Museum,1560970,40241
Royal Botanic Gardens Victoria,1092569,33063
Centre for Australian National Biodiversity Research,1061568,31576
Museums Victoria,1038438,33832
Queensland Museum,905237,33200
Western Australia, Department of Biodiversity, Conservation and Attractions,868015,21934
The Royal Botanic Gardens & Domain Trust,808544,25715
Department for Environment and Water,759294,19521
Queensland Department of Environment and Science,730562,23231
Western Australian Museum,660052,16099
South Australian Museum,573941,17948
Tasmanian Museum and Art Gallery,529891,25317
Landcare Research NZ Ltd,470917,23559
Commonwealth Scientific and Industrial Research Organisation,452154,7589
NSW Department of Primary Industries,359312,13446
Auckland War Memorial Museum,318743,14046
Department of Environment and Natural Resources,289493,11704
Museum of New Zealand Te Papa Tongarewa,255349,9017
Museum and Art Gallery of the Northern Territory,250375,11281
Australian Tropical Herbarium,196219,9286
FieldData / Biological Data Recording System,134197,727
Queen Victoria Museum and Art Gallery,126365,5542
University of New England,100253,11020
Canterbury Museum,48992,0
Massey University,41064,3664
The University of Melbourne,37589,6538
Scion,34016,4843
WA Botanic Gardens and Parks Authority,29740,5844
Australian National Botanic Gardens,29245,3389
University of New South Wales,26812,6085
James Cook University,26710,4742
Queensland Department of Agriculture and Fisheries,24638,165
Australian Antarctic Division,18473,850
University of Canterbury,17599,1254
University of Wollongong,11802,2300
Lincoln University,9295,2173
La Trobe University,8167,2395
Eurobodalla Regional Botanic Garden,7600,1708
Unitec Institute of Technology,6752,1482
The Australian Wine Research Institute,2261,79
Royal North Shore Hospital,1691,315
OWAD Environment,1374,1
Botanic Gardens of Adelaide,1322,973
The University of Queensland,47,5
