institutionUid,records,species
Australian Museum,1672485,41745
Museums Victoria,1182002,33431
Centre for Australian National Biodiversity Research,1024876,31278
Queensland Museum,902661,33114
Landcare Research NZ Ltd,800841,23238
The Royal Botanic Gardens & Domain Trust,796972,25379
Queensland Department of Environment and Science,785155,24224
Department of Environment, Water and Natural Resources,754788,19521
Western Australian Museum,675989,16441
South Australian Museum,666472,18093
Tasmanian Museum and Art Gallery,526288,25299
Commonwealth Scientific and Industrial Research Organisation,452147,7589
NSW Department of Primary Industries,359335,13618
Auckland War Memorial Museum,309831,12916
Department of Environment and Natural Resources,287160,11646
Museum of New Zealand Te Papa Tongarewa,251745,8951
Museum and Art Gallery of the Northern Territory,251163,11281
Australian Tropical Herbarium,194906,9231
FieldData / Biological Data Recording System,134197,727
Queen Victoria Museum and Art Gallery,125517,4481
University of New England,91845,10641
Canterbury Museum,48992,0
University of Canterbury,35198,1254
The University of Melbourne,34078,6171
Massey University,32748,1788
WA Botanic Gardens and Parks Authority,29740,5844
Australian National Botanic Gardens,29245,3389
James Cook University,26565,4696
Queensland Department of Agriculture and Fisheries,25226,249
University of New South Wales,24509,5689
Lincoln University,18590,2173
Australian Antarctic Division,18473,850
Unitec Institute of Technology,13504,1482
University of Wollongong,11802,2300
Macquarie University,9472,3348
La Trobe University,7809,2325
Eurobodalla Regional Botanic Garden,7600,1708
Western Australia, Department of Biodiversity, Conservation and Attractions,4558,1637
The Australian Wine Research Institute,2261,79
Royal North Shore Hospital,1691,315
OWAD Environment,1374,1
Botanic Gardens of Adelaide,1322,973
Edith Cowan University,1316,682
Royal Botanic Gardens Victoria,1100,832
University of California Museum of Palaeontology,476,22
American Museum of Natural History,187,1
Department of Natural Resources and Environment Tasmania,162,1
Department of State Development,119,2
Geological Survey of NSW,63,0
The University of Queensland,47,5
Natural History Museum UK,40,0
Field Museum of Natural History,16,7
The University of Sydney,5,1
University of Tasmania,5,0
Hunterian Museum,4,0
Geological Survey of Queensland,2,0
Geological Survey of South Australia,1,0
The Australian National University,1,0
