institutionUid,records,species
Museums Victoria,1182002,33431
Centre for Australian National Biodiversity Research,1024876,31278
Queensland Museum,902661,33114
Western Australia, Department of Biodiversity, Conservation and Attractions,839505,21753
The Royal Botanic Gardens & Domain Trust,785221,25063
Queensland Department of Environment and Science,785155,24224
Department of Environment, Water and Natural Resources,740393,18503
South Australian Museum,661493,18323
Western Australian Museum,617970,13816
Australian Museum,494637,14633
Tasmanian Museum and Art Gallery,484772,23588
Commonwealth Scientific and Industrial Research Organisation,442219,7564
Landcare Research NZ Ltd,409086,22725
NSW Department of Primary Industries,359337,13618
Auckland War Memorial Museum,302044,12387
Department of Environment and Natural Resources,287160,11646
Museum and Art Gallery of the Northern Territory,251163,11281
Museum of New Zealand Te Papa Tongarewa,215572,6670
Australian Tropical Herbarium,194906,9231
FieldData / Biological Data Recording System,134197,727
Queen Victoria Museum and Art Gallery,119492,5292
University of New England,91845,10641
Canterbury Museum,48992,0
The University of Melbourne,33002,6114
WA Botanic Gardens and Parks Authority,29740,5844
Scion,28934,4496
Australian National Botanic Gardens,28295,3335
James Cook University,26565,4696
University of New South Wales,24509,5689
Australian Antarctic Division,18473,850
University of Canterbury,17599,1254
Massey University,16374,1788
University of Wollongong,11802,2300
Lincoln University,9295,2173
La Trobe University,7809,2325
Eurobodalla Regional Botanic Garden,7600,1708
Unitec Institute of Technology,6752,1482
The Australian Wine Research Institute,2261,79
Tasmanian Department of Primary Industries, Parks, Water and Environment,1755,956
Royal North Shore Hospital,1691,315
Queensland Department of Agriculture and Fisheries,1588,99
OWAD Environment,1374,1
Botanic Gardens of Adelaide,1322,973
Edith Cowan University,1316,682
Royal Botanic Gardens Victoria,1100,832
University of California Museum of Palaeontology,476,22
American Museum of Natural History,187,1
Department of State Development,119,2
Geological Survey of NSW,63,0
The University of Queensland,47,5
Natural History Museum UK,40,0
Field Museum of Natural History,16,7
The University of Sydney,5,1
University of Tasmania,5,0
Hunterian Museum,4,0
Geological Survey of Queensland,2,0
Geological Survey of South Australia,1,0
The Australian National University,1,0
