type,eventCount,occurrenceCount
totals,2221094,44088792336
biosecurity management/planning,11248,787018343
citizen science,20963,1486046193
collection management,34865,755345251
conservation management/planning,11144,1181255720
ecological research,410583,6574702414
education,48269,4795947560
environmental assessment,30016,2365394686
restoration/remediation,2120,120901741
scientific research,452153,16626552943
systematic research/taxonomy,8478,291170233
species modelling,6692,1034843240
other,12444,1269564957
other scientific research,1112884,3240781396
unclassified,59235,3559267659
