type,eventCount,occurrenceCount
totals,2462732,72497841460
biosecurity management/planning,11173,786033799
citizen science,20932,1467533857
collection management,34855,754514982
conservation management/planning,11055,1178969645
ecological research,410534,6572741802
education,48042,4772620866
environmental assessment,29945,2347898318
restoration/remediation,2118,120900490
scientific research,449881,16505518490
systematic research/taxonomy,8470,290693278
species modelling,6665,1033657720
other,12424,1268889431
testing,244520,28598242409
other scientific research,1112884,3240781396
unclassified,59234,3558844977
