type,eventCount,occurrenceCount
totals,2423880,56260234145
biosecurity management/planning,11785,932559391
citizen science,22370,2051587675
collection management,35263,801791361
conservation management/planning,13587,2706450791
ecological research,445065,7398203341
education,56409,5591684400
environmental assessment,34159,3761550525
restoration/remediation,2320,160393075
scientific research,599283,22332323114
systematic research/taxonomy,9122,300097031
species modelling,8848,1670153328
other,13336,1572488620
other scientific research,1112884,3240781396
unclassified,59449,3740170097
