type,eventCount,occurrenceCount
totals,2389984,53742134802
biosecurity management/planning,11723,921114880
citizen science,22006,1940562435
collection management,35183,768018920
conservation management/planning,13156,2432031001
ecological research,444329,7184252313
education,54104,5312245691
environmental assessment,33400,3427534687
restoration/remediation,2268,157077816
scientific research,571018,21248111149
systematic research/taxonomy,8978,296471734
species modelling,8424,1644100511
other,13149,1514774503
other scientific research,1112884,3240781396
unclassified,59362,3655057766
