speciesGroup,records,species
Algae,1547013,1852
Amphibians,1643348,252
Animals,115509244,95770
Arthropods,10291496,66735
Bacteria,463652,1594
Birds,87170588,840
Bryophytes,649953,2517
Chromista,1104578,1378
Conifers, Cycads,171038,436
Crustaceans,1480290,8051
Dicots,18648578,24717
Ferns and allies,827042,767
Fishes,5930272,5273
Flowering plants,26898578,31281
Fungi,2785113,21201
Insects,7726503,50178
Mammals,5009585,409
Molluscs,1721269,9364
Monocots,8250000,6655
Plants,29175247,35870
Protozoa,391497,2587
Reptiles,1953721,1153
