speciesGroup,records,species
Algae,1508002,1725
Amphibians,1631499,252
Angiosperms,120,54
Animals,122428864,91627
Arthropods,9128941,62869
Bacteria,363127,764
Birds,93837656,840
Bryophytes,684372,2492
Chromista,1073030,1170
Conifers, Cycads,171128,422
Crustaceans,1495834,7898
Dicots,17496476,24283
Ferns and allies,872752,758
FernsAndAllies,1,1
Fishes,8164348,5271
Flowering plants,25210587,30753
Fungi,2455403,19381
Gymnosperms,1,1
Insects,6650111,46952
Mammals,4649609,410
Molluscs,1484043,9166
Monocots,7714231,6543
Plants,27523436,35232
Protozoa,366305,1316
Reptiles,1871983,1153
