speciesGroup,occurrenceCount,speciesCount
Algae,1487627,1622
Amphibians,1336801,252
Angiosperms,24023396,31235
Animals,105750496,84437
Arthropods,7940070,57223
Bacteria,362866,757
Birds,82229280,840
Bryophytes,540264,2478
Chromista,1067887,1125
Crustaceans,1371374,6623
Dicots,16658229,24636
FernsAndAllies,762689,755
Fishes,5917868,5229
Fungi,2321630,19478
Gymnosperms,154123,420
Insects,5797006,43471
Mammals,3982470,406
Molluscs,1353571,9246
Monocots,7365167,6634
Plants,26044759,35659
Protozoa,363333,1239
Reptiles,1539394,1146
Not supplied,913126,49
